"Codice ripartizione","Ripartizione","Età","Sesso","Popolazione"
"1","Nord-ovest","0","Maschi","61245"
"1","Nord-ovest","0","Femmine","57736"
"1","Nord-ovest","0","Totale","118981"
"1","Nord-ovest","1","Maschi","61898"
"1","Nord-ovest","1","Femmine","58898"
"1","Nord-ovest","1","Totale","120796"
"1","Nord-ovest","2","Maschi","63472"
"1","Nord-ovest","2","Femmine","59780"
"1","Nord-ovest","2","Totale","123252"
"1","Nord-ovest","3","Maschi","59513"
"1","Nord-ovest","3","Femmine","56857"
"1","Nord-ovest","3","Totale","116370"
"1","Nord-ovest","4","Maschi","60837"
"1","Nord-ovest","4","Femmine","57875"
"1","Nord-ovest","4","Totale","118712"
"1","Nord-ovest","5","Maschi","59855"
"1","Nord-ovest","5","Femmine","57016"
"1","Nord-ovest","5","Totale","116871"
"1","Nord-ovest","6","Maschi","60973"
"1","Nord-ovest","6","Femmine","57290"
"1","Nord-ovest","6","Totale","118263"
"1","Nord-ovest","7","Maschi","58674"
"1","Nord-ovest","7","Femmine","55273"
"1","Nord-ovest","7","Totale","113947"
"1","Nord-ovest","8","Maschi","59386"
"1","Nord-ovest","8","Femmine","55755"
"1","Nord-ovest","8","Totale","115141"
"1","Nord-ovest","9","Maschi","61724"
"1","Nord-ovest","9","Femmine","59183"
"1","Nord-ovest","9","Totale","120907"
"1","Nord-ovest","10","Maschi","62352"
"1","Nord-ovest","10","Femmine","59641"
"1","Nord-ovest","10","Totale","121993"
"1","Nord-ovest","11","Maschi","65177"
"1","Nord-ovest","11","Femmine","61674"
"1","Nord-ovest","11","Totale","126851"
"1","Nord-ovest","12","Maschi","67324"
"1","Nord-ovest","12","Femmine","63944"
"1","Nord-ovest","12","Totale","131268"
"1","Nord-ovest","13","Maschi","68446"
"1","Nord-ovest","13","Femmine","65591"
"1","Nord-ovest","13","Totale","134037"
"1","Nord-ovest","14","Maschi","70341"
"1","Nord-ovest","14","Femmine","67111"
"1","Nord-ovest","14","Totale","137452"
"1","Nord-ovest","15","Maschi","72950"
"1","Nord-ovest","15","Femmine","69635"
"1","Nord-ovest","15","Totale","142585"
"1","Nord-ovest","16","Maschi","79701"
"1","Nord-ovest","16","Femmine","75825"
"1","Nord-ovest","16","Totale","155526"
"1","Nord-ovest","17","Maschi","85072"
"1","Nord-ovest","17","Femmine","81730"
"1","Nord-ovest","17","Totale","166802"
"1","Nord-ovest","18","Maschi","90368"
"1","Nord-ovest","18","Femmine","87094"
"1","Nord-ovest","18","Totale","177462"
"1","Nord-ovest","19","Maschi","99536"
"1","Nord-ovest","19","Femmine","96094"
"1","Nord-ovest","19","Totale","195630"
"1","Nord-ovest","20","Maschi","105362"
"1","Nord-ovest","20","Femmine","100895"
"1","Nord-ovest","20","Totale","206257"
"1","Nord-ovest","21","Maschi","108598"
"1","Nord-ovest","21","Femmine","103190"
"1","Nord-ovest","21","Totale","211788"
"1","Nord-ovest","22","Maschi","113181"
"1","Nord-ovest","22","Femmine","106521"
"1","Nord-ovest","22","Totale","219702"
"1","Nord-ovest","23","Maschi","117105"
"1","Nord-ovest","23","Femmine","109968"
"1","Nord-ovest","23","Totale","227073"
"1","Nord-ovest","24","Maschi","117305"
"1","Nord-ovest","24","Femmine","110817"
"1","Nord-ovest","24","Totale","228122"
"1","Nord-ovest","25","Maschi","122231"
"1","Nord-ovest","25","Femmine","116120"
"1","Nord-ovest","25","Totale","238351"
"1","Nord-ovest","26","Maschi","122897"
"1","Nord-ovest","26","Femmine","115362"
"1","Nord-ovest","26","Totale","238259"
"1","Nord-ovest","27","Maschi","124012"
"1","Nord-ovest","27","Femmine","118370"
"1","Nord-ovest","27","Totale","242382"
"1","Nord-ovest","28","Maschi","130151"
"1","Nord-ovest","28","Femmine","124063"
"1","Nord-ovest","28","Totale","254214"
"1","Nord-ovest","29","Maschi","130486"
"1","Nord-ovest","29","Femmine","124853"
"1","Nord-ovest","29","Totale","255339"
"1","Nord-ovest","30","Maschi","132184"
"1","Nord-ovest","30","Femmine","125977"
"1","Nord-ovest","30","Totale","258161"
"1","Nord-ovest","31","Maschi","123765"
"1","Nord-ovest","31","Femmine","119426"
"1","Nord-ovest","31","Totale","243191"
"1","Nord-ovest","32","Maschi","118499"
"1","Nord-ovest","32","Femmine","114644"
"1","Nord-ovest","32","Totale","233143"
"1","Nord-ovest","33","Maschi","116544"
"1","Nord-ovest","33","Femmine","113179"
"1","Nord-ovest","33","Totale","229723"
"1","Nord-ovest","34","Maschi","112642"
"1","Nord-ovest","34","Femmine","109995"
"1","Nord-ovest","34","Totale","222637"
"1","Nord-ovest","35","Maschi","110805"
"1","Nord-ovest","35","Femmine","107873"
"1","Nord-ovest","35","Totale","218678"
"1","Nord-ovest","36","Maschi","106752"
"1","Nord-ovest","36","Femmine","104166"
"1","Nord-ovest","36","Totale","210918"
"1","Nord-ovest","37","Maschi","106310"
"1","Nord-ovest","37","Femmine","103973"
"1","Nord-ovest","37","Totale","210283"
"1","Nord-ovest","38","Maschi","105066"
"1","Nord-ovest","38","Femmine","103169"
"1","Nord-ovest","38","Totale","208235"
"1","Nord-ovest","39","Maschi","102220"
"1","Nord-ovest","39","Femmine","102411"
"1","Nord-ovest","39","Totale","204631"
"1","Nord-ovest","40","Maschi","101982"
"1","Nord-ovest","40","Femmine","101705"
"1","Nord-ovest","40","Totale","203687"
"1","Nord-ovest","41","Maschi","99699"
"1","Nord-ovest","41","Femmine","99018"
"1","Nord-ovest","41","Totale","198717"
"1","Nord-ovest","42","Maschi","100222"
"1","Nord-ovest","42","Femmine","100291"
"1","Nord-ovest","42","Totale","200513"
"1","Nord-ovest","43","Maschi","99484"
"1","Nord-ovest","43","Femmine","101539"
"1","Nord-ovest","43","Totale","201023"
"1","Nord-ovest","44","Maschi","105423"
"1","Nord-ovest","44","Femmine","106688"
"1","Nord-ovest","44","Totale","212111"
"1","Nord-ovest","45","Maschi","107572"
"1","Nord-ovest","45","Femmine","108502"
"1","Nord-ovest","45","Totale","216074"
"1","Nord-ovest","46","Maschi","113531"
"1","Nord-ovest","46","Femmine","115058"
"1","Nord-ovest","46","Totale","228589"
"1","Nord-ovest","47","Maschi","112476"
"1","Nord-ovest","47","Femmine","113338"
"1","Nord-ovest","47","Totale","225814"
"1","Nord-ovest","48","Maschi","115093"
"1","Nord-ovest","48","Femmine","116432"
"1","Nord-ovest","48","Totale","231525"
"1","Nord-ovest","49","Maschi","86563"
"1","Nord-ovest","49","Femmine","87864"
"1","Nord-ovest","49","Totale","174427"
"1","Nord-ovest","50","Maschi","94126"
"1","Nord-ovest","50","Femmine","96312"
"1","Nord-ovest","50","Totale","190438"
"1","Nord-ovest","51","Maschi","93713"
"1","Nord-ovest","51","Femmine","96406"
"1","Nord-ovest","51","Totale","190119"
"1","Nord-ovest","52","Maschi","96372"
"1","Nord-ovest","52","Femmine","99889"
"1","Nord-ovest","52","Totale","196261"
"1","Nord-ovest","53","Maschi","99807"
"1","Nord-ovest","53","Femmine","103584"
"1","Nord-ovest","53","Totale","203391"
"1","Nord-ovest","54","Maschi","110211"
"1","Nord-ovest","54","Femmine","113737"
"1","Nord-ovest","54","Totale","223948"
"1","Nord-ovest","55","Maschi","109699"
"1","Nord-ovest","55","Femmine","113804"
"1","Nord-ovest","55","Totale","223503"
"1","Nord-ovest","56","Maschi","107557"
"1","Nord-ovest","56","Femmine","111918"
"1","Nord-ovest","56","Totale","219475"
"1","Nord-ovest","57","Maschi","98691"
"1","Nord-ovest","57","Femmine","103267"
"1","Nord-ovest","57","Totale","201958"
"1","Nord-ovest","58","Maschi","93310"
"1","Nord-ovest","58","Femmine","98184"
"1","Nord-ovest","58","Totale","191494"
"1","Nord-ovest","59","Maschi","95565"
"1","Nord-ovest","59","Femmine","102009"
"1","Nord-ovest","59","Totale","197574"
"1","Nord-ovest","60","Maschi","91706"
"1","Nord-ovest","60","Femmine","99055"
"1","Nord-ovest","60","Totale","190761"
"1","Nord-ovest","61","Maschi","89049"
"1","Nord-ovest","61","Femmine","97474"
"1","Nord-ovest","61","Totale","186523"
"1","Nord-ovest","62","Maschi","87815"
"1","Nord-ovest","62","Femmine","98556"
"1","Nord-ovest","62","Totale","186371"
"1","Nord-ovest","63","Maschi","87411"
"1","Nord-ovest","63","Femmine","98723"
"1","Nord-ovest","63","Totale","186134"
"1","Nord-ovest","64","Maschi","88387"
"1","Nord-ovest","64","Femmine","102271"
"1","Nord-ovest","64","Totale","190658"
"1","Nord-ovest","65","Maschi","81157"
"1","Nord-ovest","65","Femmine","95999"
"1","Nord-ovest","65","Totale","177156"
"1","Nord-ovest","66","Maschi","78651"
"1","Nord-ovest","66","Femmine","93644"
"1","Nord-ovest","66","Totale","172295"
"1","Nord-ovest","67","Maschi","75149"
"1","Nord-ovest","67","Femmine","92512"
"1","Nord-ovest","67","Totale","167661"
"1","Nord-ovest","68","Maschi","70812"
"1","Nord-ovest","68","Femmine","90343"
"1","Nord-ovest","68","Totale","161155"
"1","Nord-ovest","69","Maschi","67357"
"1","Nord-ovest","69","Femmine","89255"
"1","Nord-ovest","69","Totale","156612"
"1","Nord-ovest","70","Maschi","64655"
"1","Nord-ovest","70","Femmine","87165"
"1","Nord-ovest","70","Totale","151820"
"1","Nord-ovest","71","Maschi","62979"
"1","Nord-ovest","71","Femmine","86775"
"1","Nord-ovest","71","Totale","149754"
"1","Nord-ovest","72","Maschi","58075"
"1","Nord-ovest","72","Femmine","85704"
"1","Nord-ovest","72","Totale","143779"
"1","Nord-ovest","73","Maschi","55344"
"1","Nord-ovest","73","Femmine","83958"
"1","Nord-ovest","73","Totale","139302"
"1","Nord-ovest","74","Maschi","51432"
"1","Nord-ovest","74","Femmine","79638"
"1","Nord-ovest","74","Totale","131070"
"1","Nord-ovest","75","Maschi","31473"
"1","Nord-ovest","75","Femmine","50391"
"1","Nord-ovest","75","Totale","81864"
"1","Nord-ovest","76","Maschi","23466"
"1","Nord-ovest","76","Femmine","38717"
"1","Nord-ovest","76","Totale","62183"
"1","Nord-ovest","77","Maschi","23573"
"1","Nord-ovest","77","Femmine","40171"
"1","Nord-ovest","77","Totale","63744"
"1","Nord-ovest","78","Maschi","27985"
"1","Nord-ovest","78","Femmine","49573"
"1","Nord-ovest","78","Totale","77558"
"1","Nord-ovest","79","Maschi","33808"
"1","Nord-ovest","79","Femmine","60969"
"1","Nord-ovest","79","Totale","94777"
"1","Nord-ovest","80","Maschi","32805"
"1","Nord-ovest","80","Femmine","61018"
"1","Nord-ovest","80","Totale","93823"
"1","Nord-ovest","81","Maschi","29868"
"1","Nord-ovest","81","Femmine","57332"
"1","Nord-ovest","81","Totale","87200"
"1","Nord-ovest","82","Maschi","26989"
"1","Nord-ovest","82","Femmine","54323"
"1","Nord-ovest","82","Totale","81312"
"1","Nord-ovest","83","Maschi","22394"
"1","Nord-ovest","83","Femmine","48078"
"1","Nord-ovest","83","Totale","70472"
"1","Nord-ovest","84","Maschi","19420"
"1","Nord-ovest","84","Femmine","44031"
"1","Nord-ovest","84","Totale","63451"
"1","Nord-ovest","85","Maschi","16118"
"1","Nord-ovest","85","Femmine","37992"
"1","Nord-ovest","85","Totale","54110"
"1","Nord-ovest","86","Maschi","13242"
"1","Nord-ovest","86","Femmine","33203"
"1","Nord-ovest","86","Totale","46445"
"1","Nord-ovest","87","Maschi","9961"
"1","Nord-ovest","87","Femmine","26906"
"1","Nord-ovest","87","Totale","36867"
"1","Nord-ovest","88","Maschi","7996"
"1","Nord-ovest","88","Femmine","22991"
"1","Nord-ovest","88","Totale","30987"
"1","Nord-ovest","89","Maschi","6258"
"1","Nord-ovest","89","Femmine","17836"
"1","Nord-ovest","89","Totale","24094"
"1","Nord-ovest","90","Maschi","4544"
"1","Nord-ovest","90","Femmine","14576"
"1","Nord-ovest","90","Totale","19120"
"1","Nord-ovest","91","Maschi","3186"
"1","Nord-ovest","91","Femmine","11172"
"1","Nord-ovest","91","Totale","14358"
"1","Nord-ovest","92","Maschi","2443"
"1","Nord-ovest","92","Femmine","8838"
"1","Nord-ovest","92","Totale","11281"
"1","Nord-ovest","93","Maschi","1793"
"1","Nord-ovest","93","Femmine","6566"
"1","Nord-ovest","93","Totale","8359"
"1","Nord-ovest","94","Maschi","1224"
"1","Nord-ovest","94","Femmine","4647"
"1","Nord-ovest","94","Totale","5871"
"1","Nord-ovest","95","Maschi","720"
"1","Nord-ovest","95","Femmine","3237"
"1","Nord-ovest","95","Totale","3957"
"1","Nord-ovest","96","Maschi","512"
"1","Nord-ovest","96","Femmine","2187"
"1","Nord-ovest","96","Totale","2699"
"1","Nord-ovest","97","Maschi","375"
"1","Nord-ovest","97","Femmine","1564"
"1","Nord-ovest","97","Totale","1939"
"1","Nord-ovest","98","Maschi","217"
"1","Nord-ovest","98","Femmine","999"
"1","Nord-ovest","98","Totale","1216"
"1","Nord-ovest","99","Maschi","119"
"1","Nord-ovest","99","Femmine","602"
"1","Nord-ovest","99","Totale","721"
"1","Nord-ovest","100 e oltre","Maschi","176"
"1","Nord-ovest","100 e oltre","Femmine","814"
"1","Nord-ovest","100 e oltre","Totale","990"
"2","Nord-est","0","Maschi","42699"
"2","Nord-est","0","Femmine","40302"
"2","Nord-est","0","Totale","83001"
"2","Nord-est","1","Maschi","43028"
"2","Nord-est","1","Femmine","40870"
"2","Nord-est","1","Totale","83898"
"2","Nord-est","2","Maschi","44400"
"2","Nord-est","2","Femmine","42205"
"2","Nord-est","2","Totale","86605"
"2","Nord-est","3","Maschi","42264"
"2","Nord-est","3","Femmine","40484"
"2","Nord-est","3","Totale","82748"
"2","Nord-est","4","Maschi","43166"
"2","Nord-est","4","Femmine","40978"
"2","Nord-est","4","Totale","84144"
"2","Nord-est","5","Maschi","42114"
"2","Nord-est","5","Femmine","40246"
"2","Nord-est","5","Totale","82360"
"2","Nord-est","6","Maschi","42343"
"2","Nord-est","6","Femmine","40014"
"2","Nord-est","6","Totale","82357"
"2","Nord-est","7","Maschi","40168"
"2","Nord-est","7","Femmine","38175"
"2","Nord-est","7","Totale","78343"
"2","Nord-est","8","Maschi","40987"
"2","Nord-est","8","Femmine","39103"
"2","Nord-est","8","Totale","80090"
"2","Nord-est","9","Maschi","43403"
"2","Nord-est","9","Femmine","41235"
"2","Nord-est","9","Totale","84638"
"2","Nord-est","10","Maschi","43574"
"2","Nord-est","10","Femmine","41346"
"2","Nord-est","10","Totale","84920"
"2","Nord-est","11","Maschi","44838"
"2","Nord-est","11","Femmine","42471"
"2","Nord-est","11","Totale","87309"
"2","Nord-est","12","Maschi","45902"
"2","Nord-est","12","Femmine","44375"
"2","Nord-est","12","Totale","90277"
"2","Nord-est","13","Maschi","47380"
"2","Nord-est","13","Femmine","45089"
"2","Nord-est","13","Totale","92469"
"2","Nord-est","14","Maschi","48803"
"2","Nord-est","14","Femmine","46134"
"2","Nord-est","14","Totale","94937"
"2","Nord-est","15","Maschi","51375"
"2","Nord-est","15","Femmine","48798"
"2","Nord-est","15","Totale","100173"
"2","Nord-est","16","Maschi","55933"
"2","Nord-est","16","Femmine","53713"
"2","Nord-est","16","Totale","109646"
"2","Nord-est","17","Maschi","58905"
"2","Nord-est","17","Femmine","56716"
"2","Nord-est","17","Totale","115621"
"2","Nord-est","18","Maschi","63246"
"2","Nord-est","18","Femmine","60735"
"2","Nord-est","18","Totale","123981"
"2","Nord-est","19","Maschi","68329"
"2","Nord-est","19","Femmine","65623"
"2","Nord-est","19","Totale","133952"
"2","Nord-est","20","Maschi","74603"
"2","Nord-est","20","Femmine","71470"
"2","Nord-est","20","Totale","146073"
"2","Nord-est","21","Maschi","75492"
"2","Nord-est","21","Femmine","72855"
"2","Nord-est","21","Totale","148347"
"2","Nord-est","22","Maschi","78596"
"2","Nord-est","22","Femmine","74830"
"2","Nord-est","22","Totale","153426"
"2","Nord-est","23","Maschi","81538"
"2","Nord-est","23","Femmine","77942"
"2","Nord-est","23","Totale","159480"
"2","Nord-est","24","Maschi","81638"
"2","Nord-est","24","Femmine","78036"
"2","Nord-est","24","Totale","159674"
"2","Nord-est","25","Maschi","85259"
"2","Nord-est","25","Femmine","80755"
"2","Nord-est","25","Totale","166014"
"2","Nord-est","26","Maschi","85034"
"2","Nord-est","26","Femmine","80563"
"2","Nord-est","26","Totale","165597"
"2","Nord-est","27","Maschi","86421"
"2","Nord-est","27","Femmine","82116"
"2","Nord-est","27","Totale","168537"
"2","Nord-est","28","Maschi","89971"
"2","Nord-est","28","Femmine","85951"
"2","Nord-est","28","Totale","175922"
"2","Nord-est","29","Maschi","90863"
"2","Nord-est","29","Femmine","86675"
"2","Nord-est","29","Totale","177538"
"2","Nord-est","30","Maschi","92602"
"2","Nord-est","30","Femmine","88633"
"2","Nord-est","30","Totale","181235"
"2","Nord-est","31","Maschi","87496"
"2","Nord-est","31","Femmine","83837"
"2","Nord-est","31","Totale","171333"
"2","Nord-est","32","Maschi","84157"
"2","Nord-est","32","Femmine","81065"
"2","Nord-est","32","Totale","165222"
"2","Nord-est","33","Maschi","83920"
"2","Nord-est","33","Femmine","80128"
"2","Nord-est","33","Totale","164048"
"2","Nord-est","34","Maschi","80072"
"2","Nord-est","34","Femmine","76783"
"2","Nord-est","34","Totale","156855"
"2","Nord-est","35","Maschi","79482"
"2","Nord-est","35","Femmine","76303"
"2","Nord-est","35","Totale","155785"
"2","Nord-est","36","Maschi","74993"
"2","Nord-est","36","Femmine","72520"
"2","Nord-est","36","Totale","147513"
"2","Nord-est","37","Maschi","74532"
"2","Nord-est","37","Femmine","72450"
"2","Nord-est","37","Totale","146982"
"2","Nord-est","38","Maschi","73970"
"2","Nord-est","38","Femmine","72071"
"2","Nord-est","38","Totale","146041"
"2","Nord-est","39","Maschi","71629"
"2","Nord-est","39","Femmine","70164"
"2","Nord-est","39","Totale","141793"
"2","Nord-est","40","Maschi","70813"
"2","Nord-est","40","Femmine","69558"
"2","Nord-est","40","Totale","140371"
"2","Nord-est","41","Maschi","69247"
"2","Nord-est","41","Femmine","67919"
"2","Nord-est","41","Totale","137166"
"2","Nord-est","42","Maschi","68557"
"2","Nord-est","42","Femmine","68755"
"2","Nord-est","42","Totale","137312"
"2","Nord-est","43","Maschi","68815"
"2","Nord-est","43","Femmine","67918"
"2","Nord-est","43","Totale","136733"
"2","Nord-est","44","Maschi","71922"
"2","Nord-est","44","Femmine","72511"
"2","Nord-est","44","Totale","144433"
"2","Nord-est","45","Maschi","72688"
"2","Nord-est","45","Femmine","72300"
"2","Nord-est","45","Totale","144988"
"2","Nord-est","46","Maschi","76678"
"2","Nord-est","46","Femmine","76522"
"2","Nord-est","46","Totale","153200"
"2","Nord-est","47","Maschi","76409"
"2","Nord-est","47","Femmine","76509"
"2","Nord-est","47","Totale","152918"
"2","Nord-est","48","Maschi","81484"
"2","Nord-est","48","Femmine","81858"
"2","Nord-est","48","Totale","163342"
"2","Nord-est","49","Maschi","56722"
"2","Nord-est","49","Femmine","57579"
"2","Nord-est","49","Totale","114301"
"2","Nord-est","50","Maschi","66118"
"2","Nord-est","50","Femmine","66604"
"2","Nord-est","50","Totale","132722"
"2","Nord-est","51","Maschi","67277"
"2","Nord-est","51","Femmine","68057"
"2","Nord-est","51","Totale","135334"
"2","Nord-est","52","Maschi","66374"
"2","Nord-est","52","Femmine","68052"
"2","Nord-est","52","Totale","134426"
"2","Nord-est","53","Maschi","68001"
"2","Nord-est","53","Femmine","69254"
"2","Nord-est","53","Totale","137255"
"2","Nord-est","54","Maschi","71856"
"2","Nord-est","54","Femmine","74498"
"2","Nord-est","54","Totale","146354"
"2","Nord-est","55","Maschi","71765"
"2","Nord-est","55","Femmine","73228"
"2","Nord-est","55","Totale","144993"
"2","Nord-est","56","Maschi","70630"
"2","Nord-est","56","Femmine","72945"
"2","Nord-est","56","Totale","143575"
"2","Nord-est","57","Maschi","64889"
"2","Nord-est","57","Femmine","67408"
"2","Nord-est","57","Totale","132297"
"2","Nord-est","58","Maschi","60211"
"2","Nord-est","58","Femmine","64575"
"2","Nord-est","58","Totale","124786"
"2","Nord-est","59","Maschi","62978"
"2","Nord-est","59","Femmine","66934"
"2","Nord-est","59","Totale","129912"
"2","Nord-est","60","Maschi","61325"
"2","Nord-est","60","Femmine","66340"
"2","Nord-est","60","Totale","127665"
"2","Nord-est","61","Maschi","58927"
"2","Nord-est","61","Femmine","63575"
"2","Nord-est","61","Totale","122502"
"2","Nord-est","62","Maschi","57327"
"2","Nord-est","62","Femmine","63531"
"2","Nord-est","62","Totale","120858"
"2","Nord-est","63","Maschi","57551"
"2","Nord-est","63","Femmine","64751"
"2","Nord-est","63","Totale","122302"
"2","Nord-est","64","Maschi","59205"
"2","Nord-est","64","Femmine","67827"
"2","Nord-est","64","Totale","127032"
"2","Nord-est","65","Maschi","55017"
"2","Nord-est","65","Femmine","63306"
"2","Nord-est","65","Totale","118323"
"2","Nord-est","66","Maschi","54696"
"2","Nord-est","66","Femmine","64928"
"2","Nord-est","66","Totale","119624"
"2","Nord-est","67","Maschi","54523"
"2","Nord-est","67","Femmine","65980"
"2","Nord-est","67","Totale","120503"
"2","Nord-est","68","Maschi","51659"
"2","Nord-est","68","Femmine","65547"
"2","Nord-est","68","Totale","117206"
"2","Nord-est","69","Maschi","51399"
"2","Nord-est","69","Femmine","65953"
"2","Nord-est","69","Totale","117352"
"2","Nord-est","70","Maschi","48533"
"2","Nord-est","70","Femmine","64630"
"2","Nord-est","70","Totale","113163"
"2","Nord-est","71","Maschi","48392"
"2","Nord-est","71","Femmine","65600"
"2","Nord-est","71","Totale","113992"
"2","Nord-est","72","Maschi","44478"
"2","Nord-est","72","Femmine","63921"
"2","Nord-est","72","Totale","108399"
"2","Nord-est","73","Maschi","43438"
"2","Nord-est","73","Femmine","63244"
"2","Nord-est","73","Totale","106682"
"2","Nord-est","74","Maschi","41331"
"2","Nord-est","74","Femmine","61643"
"2","Nord-est","74","Totale","102974"
"2","Nord-est","75","Maschi","26058"
"2","Nord-est","75","Femmine","39221"
"2","Nord-est","75","Totale","65279"
"2","Nord-est","76","Maschi","17731"
"2","Nord-est","76","Femmine","27570"
"2","Nord-est","76","Totale","45301"
"2","Nord-est","77","Maschi","17706"
"2","Nord-est","77","Femmine","27648"
"2","Nord-est","77","Totale","45354"
"2","Nord-est","78","Maschi","21139"
"2","Nord-est","78","Femmine","34306"
"2","Nord-est","78","Totale","55445"
"2","Nord-est","79","Maschi","25762"
"2","Nord-est","79","Femmine","43354"
"2","Nord-est","79","Totale","69116"
"2","Nord-est","80","Maschi","25463"
"2","Nord-est","80","Femmine","44791"
"2","Nord-est","80","Totale","70254"
"2","Nord-est","81","Maschi","23737"
"2","Nord-est","81","Femmine","42773"
"2","Nord-est","81","Totale","66510"
"2","Nord-est","82","Maschi","21844"
"2","Nord-est","82","Femmine","40148"
"2","Nord-est","82","Totale","61992"
"2","Nord-est","83","Maschi","18495"
"2","Nord-est","83","Femmine","36029"
"2","Nord-est","83","Totale","54524"
"2","Nord-est","84","Maschi","15461"
"2","Nord-est","84","Femmine","32328"
"2","Nord-est","84","Totale","47789"
"2","Nord-est","85","Maschi","12389"
"2","Nord-est","85","Femmine","27428"
"2","Nord-est","85","Totale","39817"
"2","Nord-est","86","Maschi","10161"
"2","Nord-est","86","Femmine","24006"
"2","Nord-est","86","Totale","34167"
"2","Nord-est","87","Maschi","7753"
"2","Nord-est","87","Femmine","20016"
"2","Nord-est","87","Totale","27769"
"2","Nord-est","88","Maschi","6142"
"2","Nord-est","88","Femmine","16858"
"2","Nord-est","88","Totale","23000"
"2","Nord-est","89","Maschi","4620"
"2","Nord-est","89","Femmine","12892"
"2","Nord-est","89","Totale","17512"
"2","Nord-est","90","Maschi","3521"
"2","Nord-est","90","Femmine","10806"
"2","Nord-est","90","Totale","14327"
"2","Nord-est","91","Maschi","2528"
"2","Nord-est","91","Femmine","7942"
"2","Nord-est","91","Totale","10470"
"2","Nord-est","92","Maschi","1914"
"2","Nord-est","92","Femmine","6593"
"2","Nord-est","92","Totale","8507"
"2","Nord-est","93","Maschi","1345"
"2","Nord-est","93","Femmine","4878"
"2","Nord-est","93","Totale","6223"
"2","Nord-est","94","Maschi","932"
"2","Nord-est","94","Femmine","3390"
"2","Nord-est","94","Totale","4322"
"2","Nord-est","95","Maschi","589"
"2","Nord-est","95","Femmine","2416"
"2","Nord-est","95","Totale","3005"
"2","Nord-est","96","Maschi","375"
"2","Nord-est","96","Femmine","1669"
"2","Nord-est","96","Totale","2044"
"2","Nord-est","97","Maschi","270"
"2","Nord-est","97","Femmine","1185"
"2","Nord-est","97","Totale","1455"
"2","Nord-est","98","Maschi","163"
"2","Nord-est","98","Femmine","760"
"2","Nord-est","98","Totale","923"
"2","Nord-est","99","Maschi","108"
"2","Nord-est","99","Femmine","465"
"2","Nord-est","99","Totale","573"
"2","Nord-est","100 e oltre","Maschi","133"
"2","Nord-est","100 e oltre","Femmine","685"
"2","Nord-est","100 e oltre","Totale","818"
"3","Centro","0","Maschi","46508"
"3","Centro","0","Femmine","44248"
"3","Centro","0","Totale","90756"
"3","Centro","1","Maschi","47924"
"3","Centro","1","Femmine","45242"
"3","Centro","1","Totale","93166"
"3","Centro","2","Maschi","49460"
"3","Centro","2","Femmine","46822"
"3","Centro","2","Totale","96282"
"3","Centro","3","Maschi","46001"
"3","Centro","3","Femmine","43486"
"3","Centro","3","Totale","89487"
"3","Centro","4","Maschi","46849"
"3","Centro","4","Femmine","44115"
"3","Centro","4","Totale","90964"
"3","Centro","5","Maschi","46376"
"3","Centro","5","Femmine","43869"
"3","Centro","5","Totale","90245"
"3","Centro","6","Maschi","47161"
"3","Centro","6","Femmine","44738"
"3","Centro","6","Totale","91899"
"3","Centro","7","Maschi","45591"
"3","Centro","7","Femmine","43402"
"3","Centro","7","Totale","88993"
"3","Centro","8","Maschi","46344"
"3","Centro","8","Femmine","44113"
"3","Centro","8","Totale","90457"
"3","Centro","9","Maschi","48354"
"3","Centro","9","Femmine","46518"
"3","Centro","9","Totale","94872"
"3","Centro","10","Maschi","49177"
"3","Centro","10","Femmine","46592"
"3","Centro","10","Totale","95769"
"3","Centro","11","Maschi","51469"
"3","Centro","11","Femmine","48703"
"3","Centro","11","Totale","100172"
"3","Centro","12","Maschi","52613"
"3","Centro","12","Femmine","50131"
"3","Centro","12","Totale","102744"
"3","Centro","13","Maschi","54198"
"3","Centro","13","Femmine","51784"
"3","Centro","13","Totale","105982"
"3","Centro","14","Maschi","55071"
"3","Centro","14","Femmine","52637"
"3","Centro","14","Totale","107708"
"3","Centro","15","Maschi","58234"
"3","Centro","15","Femmine","55455"
"3","Centro","15","Totale","113689"
"3","Centro","16","Maschi","62611"
"3","Centro","16","Femmine","59668"
"3","Centro","16","Totale","122279"
"3","Centro","17","Maschi","65443"
"3","Centro","17","Femmine","62580"
"3","Centro","17","Totale","128023"
"3","Centro","18","Maschi","69200"
"3","Centro","18","Femmine","66323"
"3","Centro","18","Totale","135523"
"3","Centro","19","Maschi","73866"
"3","Centro","19","Femmine","71615"
"3","Centro","19","Totale","145481"
"3","Centro","20","Maschi","78185"
"3","Centro","20","Femmine","75650"
"3","Centro","20","Totale","153835"
"3","Centro","21","Maschi","79749"
"3","Centro","21","Femmine","77667"
"3","Centro","21","Totale","157416"
"3","Centro","22","Maschi","81577"
"3","Centro","22","Femmine","79752"
"3","Centro","22","Totale","161329"
"3","Centro","23","Maschi","84126"
"3","Centro","23","Femmine","81662"
"3","Centro","23","Totale","165788"
"3","Centro","24","Maschi","83496"
"3","Centro","24","Femmine","80747"
"3","Centro","24","Totale","164243"
"3","Centro","25","Maschi","85805"
"3","Centro","25","Femmine","83619"
"3","Centro","25","Totale","169424"
"3","Centro","26","Maschi","84574"
"3","Centro","26","Femmine","83159"
"3","Centro","26","Totale","167733"
"3","Centro","27","Maschi","85674"
"3","Centro","27","Femmine","84882"
"3","Centro","27","Totale","170556"
"3","Centro","28","Maschi","89658"
"3","Centro","28","Femmine","88552"
"3","Centro","28","Totale","178210"
"3","Centro","29","Maschi","90730"
"3","Centro","29","Femmine","89383"
"3","Centro","29","Totale","180113"
"3","Centro","30","Maschi","92661"
"3","Centro","30","Femmine","92087"
"3","Centro","30","Totale","184748"
"3","Centro","31","Maschi","86617"
"3","Centro","31","Femmine","86697"
"3","Centro","31","Totale","173314"
"3","Centro","32","Maschi","83866"
"3","Centro","32","Femmine","83820"
"3","Centro","32","Totale","167686"
"3","Centro","33","Maschi","83784"
"3","Centro","33","Femmine","83582"
"3","Centro","33","Totale","167366"
"3","Centro","34","Maschi","80104"
"3","Centro","34","Femmine","80660"
"3","Centro","34","Totale","160764"
"3","Centro","35","Maschi","78619"
"3","Centro","35","Femmine","78946"
"3","Centro","35","Totale","157565"
"3","Centro","36","Maschi","75734"
"3","Centro","36","Femmine","76679"
"3","Centro","36","Totale","152413"
"3","Centro","37","Maschi","75078"
"3","Centro","37","Femmine","76000"
"3","Centro","37","Totale","151078"
"3","Centro","38","Maschi","74771"
"3","Centro","38","Femmine","76218"
"3","Centro","38","Totale","150989"
"3","Centro","39","Maschi","73765"
"3","Centro","39","Femmine","75394"
"3","Centro","39","Totale","149159"
"3","Centro","40","Maschi","72808"
"3","Centro","40","Femmine","75517"
"3","Centro","40","Totale","148325"
"3","Centro","41","Maschi","70444"
"3","Centro","41","Femmine","72158"
"3","Centro","41","Totale","142602"
"3","Centro","42","Maschi","70066"
"3","Centro","42","Femmine","71952"
"3","Centro","42","Totale","142018"
"3","Centro","43","Maschi","70627"
"3","Centro","43","Femmine","72838"
"3","Centro","43","Totale","143465"
"3","Centro","44","Maschi","73370"
"3","Centro","44","Femmine","75570"
"3","Centro","44","Totale","148940"
"3","Centro","45","Maschi","74480"
"3","Centro","45","Femmine","77108"
"3","Centro","45","Totale","151588"
"3","Centro","46","Maschi","79718"
"3","Centro","46","Femmine","82587"
"3","Centro","46","Totale","162305"
"3","Centro","47","Maschi","79260"
"3","Centro","47","Femmine","82064"
"3","Centro","47","Totale","161324"
"3","Centro","48","Maschi","78729"
"3","Centro","48","Femmine","82855"
"3","Centro","48","Totale","161584"
"3","Centro","49","Maschi","62730"
"3","Centro","49","Femmine","66185"
"3","Centro","49","Totale","128915"
"3","Centro","50","Maschi","63461"
"3","Centro","50","Femmine","66779"
"3","Centro","50","Totale","130240"
"3","Centro","51","Maschi","66373"
"3","Centro","51","Femmine","70236"
"3","Centro","51","Totale","136609"
"3","Centro","52","Maschi","64726"
"3","Centro","52","Femmine","68608"
"3","Centro","52","Totale","133334"
"3","Centro","53","Maschi","66243"
"3","Centro","53","Femmine","70436"
"3","Centro","53","Totale","136679"
"3","Centro","54","Maschi","73997"
"3","Centro","54","Femmine","79807"
"3","Centro","54","Totale","153804"
"3","Centro","55","Maschi","73474"
"3","Centro","55","Femmine","78208"
"3","Centro","55","Totale","151682"
"3","Centro","56","Maschi","73893"
"3","Centro","56","Femmine","78218"
"3","Centro","56","Totale","152111"
"3","Centro","57","Maschi","68083"
"3","Centro","57","Femmine","73068"
"3","Centro","57","Totale","141151"
"3","Centro","58","Maschi","64448"
"3","Centro","58","Femmine","70060"
"3","Centro","58","Totale","134508"
"3","Centro","59","Maschi","66783"
"3","Centro","59","Femmine","72274"
"3","Centro","59","Totale","139057"
"3","Centro","60","Maschi","65007"
"3","Centro","60","Femmine","70343"
"3","Centro","60","Totale","135350"
"3","Centro","61","Maschi","63937"
"3","Centro","61","Femmine","69704"
"3","Centro","61","Totale","133641"
"3","Centro","62","Maschi","61203"
"3","Centro","62","Femmine","67818"
"3","Centro","62","Totale","129021"
"3","Centro","63","Maschi","63814"
"3","Centro","63","Femmine","70757"
"3","Centro","63","Totale","134571"
"3","Centro","64","Maschi","65847"
"3","Centro","64","Femmine","73981"
"3","Centro","64","Totale","139828"
"3","Centro","65","Maschi","59859"
"3","Centro","65","Femmine","67326"
"3","Centro","65","Totale","127185"
"3","Centro","66","Maschi","59265"
"3","Centro","66","Femmine","67690"
"3","Centro","66","Totale","126955"
"3","Centro","67","Maschi","58791"
"3","Centro","67","Femmine","68850"
"3","Centro","67","Totale","127641"
"3","Centro","68","Maschi","56234"
"3","Centro","68","Femmine","67601"
"3","Centro","68","Totale","123835"
"3","Centro","69","Maschi","55457"
"3","Centro","69","Femmine","67150"
"3","Centro","69","Totale","122607"
"3","Centro","70","Maschi","53276"
"3","Centro","70","Femmine","65618"
"3","Centro","70","Totale","118894"
"3","Centro","71","Maschi","51840"
"3","Centro","71","Femmine","65926"
"3","Centro","71","Totale","117766"
"3","Centro","72","Maschi","49244"
"3","Centro","72","Femmine","65038"
"3","Centro","72","Totale","114282"
"3","Centro","73","Maschi","48358"
"3","Centro","73","Femmine","64381"
"3","Centro","73","Totale","112739"
"3","Centro","74","Maschi","46186"
"3","Centro","74","Femmine","63583"
"3","Centro","74","Totale","109769"
"3","Centro","75","Maschi","28072"
"3","Centro","75","Femmine","39018"
"3","Centro","75","Totale","67090"
"3","Centro","76","Maschi","20217"
"3","Centro","76","Femmine","28892"
"3","Centro","76","Totale","49109"
"3","Centro","77","Maschi","20081"
"3","Centro","77","Femmine","29240"
"3","Centro","77","Totale","49321"
"3","Centro","78","Maschi","24014"
"3","Centro","78","Femmine","35769"
"3","Centro","78","Totale","59783"
"3","Centro","79","Maschi","28334"
"3","Centro","79","Femmine","43022"
"3","Centro","79","Totale","71356"
"3","Centro","80","Maschi","26897"
"3","Centro","80","Femmine","42703"
"3","Centro","80","Totale","69600"
"3","Centro","81","Maschi","24435"
"3","Centro","81","Femmine","39653"
"3","Centro","81","Totale","64088"
"3","Centro","82","Maschi","22690"
"3","Centro","82","Femmine","38204"
"3","Centro","82","Totale","60894"
"3","Centro","83","Maschi","18781"
"3","Centro","83","Femmine","32453"
"3","Centro","83","Totale","51234"
"3","Centro","84","Maschi","16880"
"3","Centro","84","Femmine","30853"
"3","Centro","84","Totale","47733"
"3","Centro","85","Maschi","12963"
"3","Centro","85","Femmine","25372"
"3","Centro","85","Totale","38335"
"3","Centro","86","Maschi","10557"
"3","Centro","86","Femmine","22616"
"3","Centro","86","Totale","33173"
"3","Centro","87","Maschi","8115"
"3","Centro","87","Femmine","17462"
"3","Centro","87","Totale","25577"
"3","Centro","88","Maschi","6542"
"3","Centro","88","Femmine","15244"
"3","Centro","88","Totale","21786"
"3","Centro","89","Maschi","5260"
"3","Centro","89","Femmine","11728"
"3","Centro","89","Totale","16988"
"3","Centro","90","Maschi","3759"
"3","Centro","90","Femmine","9568"
"3","Centro","90","Totale","13327"
"3","Centro","91","Maschi","2738"
"3","Centro","91","Femmine","7031"
"3","Centro","91","Totale","9769"
"3","Centro","92","Maschi","2121"
"3","Centro","92","Femmine","5914"
"3","Centro","92","Totale","8035"
"3","Centro","93","Maschi","1426"
"3","Centro","93","Femmine","4111"
"3","Centro","93","Totale","5537"
"3","Centro","94","Maschi","1104"
"3","Centro","94","Femmine","3122"
"3","Centro","94","Totale","4226"
"3","Centro","95","Maschi","681"
"3","Centro","95","Femmine","2155"
"3","Centro","95","Totale","2836"
"3","Centro","96","Maschi","428"
"3","Centro","96","Femmine","1472"
"3","Centro","96","Totale","1900"
"3","Centro","97","Maschi","289"
"3","Centro","97","Femmine","1063"
"3","Centro","97","Totale","1352"
"3","Centro","98","Maschi","185"
"3","Centro","98","Femmine","701"
"3","Centro","98","Totale","886"
"3","Centro","99","Maschi","102"
"3","Centro","99","Femmine","408"
"3","Centro","99","Totale","510"
"3","Centro","100 e oltre","Maschi","152"
"3","Centro","100 e oltre","Femmine","610"
"3","Centro","100 e oltre","Totale","762"
"4","Sud","0","Maschi","85173"
"4","Sud","0","Femmine","80065"
"4","Sud","0","Totale","165238"
"4","Sud","1","Maschi","87810"
"4","Sud","1","Femmine","82410"
"4","Sud","1","Totale","170220"
"4","Sud","2","Maschi","91941"
"4","Sud","2","Femmine","87122"
"4","Sud","2","Totale","179063"
"4","Sud","3","Maschi","82519"
"4","Sud","3","Femmine","78080"
"4","Sud","3","Totale","160599"
"4","Sud","4","Maschi","83509"
"4","Sud","4","Femmine","79878"
"4","Sud","4","Totale","163387"
"4","Sud","5","Maschi","85661"
"4","Sud","5","Femmine","82084"
"4","Sud","5","Totale","167745"
"4","Sud","6","Maschi","86753"
"4","Sud","6","Femmine","83099"
"4","Sud","6","Totale","169852"
"4","Sud","7","Maschi","85831"
"4","Sud","7","Femmine","82051"
"4","Sud","7","Totale","167882"
"4","Sud","8","Maschi","86755"
"4","Sud","8","Femmine","83304"
"4","Sud","8","Totale","170059"
"4","Sud","9","Maschi","89561"
"4","Sud","9","Femmine","85783"
"4","Sud","9","Totale","175344"
"4","Sud","10","Maschi","92082"
"4","Sud","10","Femmine","88563"
"4","Sud","10","Totale","180645"
"4","Sud","11","Maschi","94059"
"4","Sud","11","Femmine","90066"
"4","Sud","11","Totale","184125"
"4","Sud","12","Maschi","97441"
"4","Sud","12","Femmine","94271"
"4","Sud","12","Totale","191712"
"4","Sud","13","Maschi","99192"
"4","Sud","13","Femmine","95749"
"4","Sud","13","Totale","194941"
"4","Sud","14","Maschi","100809"
"4","Sud","14","Femmine","97041"
"4","Sud","14","Totale","197850"
"4","Sud","15","Maschi","103892"
"4","Sud","15","Femmine","100409"
"4","Sud","15","Totale","204301"
"4","Sud","16","Maschi","108032"
"4","Sud","16","Femmine","104823"
"4","Sud","16","Totale","212855"
"4","Sud","17","Maschi","110576"
"4","Sud","17","Femmine","107567"
"4","Sud","17","Totale","218143"
"4","Sud","18","Maschi","115924"
"4","Sud","18","Femmine","112482"
"4","Sud","18","Totale","228406"
"4","Sud","19","Maschi","119470"
"4","Sud","19","Femmine","115744"
"4","Sud","19","Totale","235214"
"4","Sud","20","Maschi","122089"
"4","Sud","20","Femmine","120057"
"4","Sud","20","Totale","242146"
"4","Sud","21","Maschi","119518"
"4","Sud","21","Femmine","117961"
"4","Sud","21","Totale","237479"
"4","Sud","22","Maschi","118874"
"4","Sud","22","Femmine","117763"
"4","Sud","22","Totale","236637"
"4","Sud","23","Maschi","119217"
"4","Sud","23","Femmine","118753"
"4","Sud","23","Totale","237970"
"4","Sud","24","Maschi","115824"
"4","Sud","24","Femmine","115995"
"4","Sud","24","Totale","231819"
"4","Sud","25","Maschi","117369"
"4","Sud","25","Femmine","118370"
"4","Sud","25","Totale","235739"
"4","Sud","26","Maschi","115182"
"4","Sud","26","Femmine","116147"
"4","Sud","26","Totale","231329"
"4","Sud","27","Maschi","115283"
"4","Sud","27","Femmine","116564"
"4","Sud","27","Totale","231847"
"4","Sud","28","Maschi","115854"
"4","Sud","28","Femmine","117646"
"4","Sud","28","Totale","233500"
"4","Sud","29","Maschi","114676"
"4","Sud","29","Femmine","117146"
"4","Sud","29","Totale","231822"
"4","Sud","30","Maschi","116917"
"4","Sud","30","Femmine","118621"
"4","Sud","30","Totale","235538"
"4","Sud","31","Maschi","108252"
"4","Sud","31","Femmine","111383"
"4","Sud","31","Totale","219635"
"4","Sud","32","Maschi","106044"
"4","Sud","32","Femmine","108892"
"4","Sud","32","Totale","214936"
"4","Sud","33","Maschi","104197"
"4","Sud","33","Femmine","106989"
"4","Sud","33","Totale","211186"
"4","Sud","34","Maschi","100564"
"4","Sud","34","Femmine","103188"
"4","Sud","34","Totale","203752"
"4","Sud","35","Maschi","99026"
"4","Sud","35","Femmine","100762"
"4","Sud","35","Totale","199788"
"4","Sud","36","Maschi","93644"
"4","Sud","36","Femmine","96411"
"4","Sud","36","Totale","190055"
"4","Sud","37","Maschi","94148"
"4","Sud","37","Femmine","95826"
"4","Sud","37","Totale","189974"
"4","Sud","38","Maschi","92089"
"4","Sud","38","Femmine","94655"
"4","Sud","38","Totale","186744"
"4","Sud","39","Maschi","92795"
"4","Sud","39","Femmine","93989"
"4","Sud","39","Totale","186784"
"4","Sud","40","Maschi","91917"
"4","Sud","40","Femmine","93763"
"4","Sud","40","Totale","185680"
"4","Sud","41","Maschi","86482"
"4","Sud","41","Femmine","87694"
"4","Sud","41","Totale","174176"
"4","Sud","42","Maschi","85434"
"4","Sud","42","Femmine","86603"
"4","Sud","42","Totale","172037"
"4","Sud","43","Maschi","86452"
"4","Sud","43","Femmine","87550"
"4","Sud","43","Totale","174002"
"4","Sud","44","Maschi","89856"
"4","Sud","44","Femmine","90352"
"4","Sud","44","Totale","180208"
"4","Sud","45","Maschi","90273"
"4","Sud","45","Femmine","90676"
"4","Sud","45","Totale","180949"
"4","Sud","46","Maschi","93735"
"4","Sud","46","Femmine","94574"
"4","Sud","46","Totale","188309"
"4","Sud","47","Maschi","90208"
"4","Sud","47","Femmine","90662"
"4","Sud","47","Totale","180870"
"4","Sud","48","Maschi","89474"
"4","Sud","48","Femmine","90328"
"4","Sud","48","Totale","179802"
"4","Sud","49","Maschi","74511"
"4","Sud","49","Femmine","74751"
"4","Sud","49","Totale","149262"
"4","Sud","50","Maschi","68176"
"4","Sud","50","Femmine","68667"
"4","Sud","50","Totale","136843"
"4","Sud","51","Maschi","70168"
"4","Sud","51","Femmine","72052"
"4","Sud","51","Totale","142220"
"4","Sud","52","Maschi","70482"
"4","Sud","52","Femmine","72533"
"4","Sud","52","Totale","143015"
"4","Sud","53","Maschi","68213"
"4","Sud","53","Femmine","70998"
"4","Sud","53","Totale","139211"
"4","Sud","54","Maschi","76977"
"4","Sud","54","Femmine","79844"
"4","Sud","54","Totale","156821"
"4","Sud","55","Maschi","76714"
"4","Sud","55","Femmine","80424"
"4","Sud","55","Totale","157138"
"4","Sud","56","Maschi","72316"
"4","Sud","56","Femmine","76770"
"4","Sud","56","Totale","149086"
"4","Sud","57","Maschi","70404"
"4","Sud","57","Femmine","75622"
"4","Sud","57","Totale","146026"
"4","Sud","58","Maschi","68328"
"4","Sud","58","Femmine","74525"
"4","Sud","58","Totale","142853"
"4","Sud","59","Maschi","70159"
"4","Sud","59","Femmine","76169"
"4","Sud","59","Totale","146328"
"4","Sud","60","Maschi","68779"
"4","Sud","60","Femmine","75622"
"4","Sud","60","Totale","144401"
"4","Sud","61","Maschi","69916"
"4","Sud","61","Femmine","77159"
"4","Sud","61","Totale","147075"
"4","Sud","62","Maschi","67408"
"4","Sud","62","Femmine","75494"
"4","Sud","62","Totale","142902"
"4","Sud","63","Maschi","67601"
"4","Sud","63","Femmine","75805"
"4","Sud","63","Totale","143406"
"4","Sud","64","Maschi","70831"
"4","Sud","64","Femmine","80319"
"4","Sud","64","Totale","151150"
"4","Sud","65","Maschi","63506"
"4","Sud","65","Femmine","72777"
"4","Sud","65","Totale","136283"
"4","Sud","66","Maschi","62205"
"4","Sud","66","Femmine","72073"
"4","Sud","66","Totale","134278"
"4","Sud","67","Maschi","61465"
"4","Sud","67","Femmine","72110"
"4","Sud","67","Totale","133575"
"4","Sud","68","Maschi","58745"
"4","Sud","68","Femmine","69659"
"4","Sud","68","Totale","128404"
"4","Sud","69","Maschi","56560"
"4","Sud","69","Femmine","68138"
"4","Sud","69","Totale","124698"
"4","Sud","70","Maschi","53225"
"4","Sud","70","Femmine","65224"
"4","Sud","70","Totale","118449"
"4","Sud","71","Maschi","50642"
"4","Sud","71","Femmine","65109"
"4","Sud","71","Totale","115751"
"4","Sud","72","Maschi","47510"
"4","Sud","72","Femmine","63371"
"4","Sud","72","Totale","110881"
"4","Sud","73","Maschi","44158"
"4","Sud","73","Femmine","60378"
"4","Sud","73","Totale","104536"
"4","Sud","74","Maschi","43713"
"4","Sud","74","Femmine","60239"
"4","Sud","74","Totale","103952"
"4","Sud","75","Maschi","26500"
"4","Sud","75","Femmine","37274"
"4","Sud","75","Totale","63774"
"4","Sud","76","Maschi","20257"
"4","Sud","76","Femmine","29338"
"4","Sud","76","Totale","49595"
"4","Sud","77","Maschi","20745"
"4","Sud","77","Femmine","29510"
"4","Sud","77","Totale","50255"
"4","Sud","78","Maschi","23605"
"4","Sud","78","Femmine","34359"
"4","Sud","78","Totale","57964"
"4","Sud","79","Maschi","27472"
"4","Sud","79","Femmine","40725"
"4","Sud","79","Totale","68197"
"4","Sud","80","Maschi","25241"
"4","Sud","80","Femmine","37691"
"4","Sud","80","Totale","62932"
"4","Sud","81","Maschi","24120"
"4","Sud","81","Femmine","36324"
"4","Sud","81","Totale","60444"
"4","Sud","82","Maschi","21654"
"4","Sud","82","Femmine","33428"
"4","Sud","82","Totale","55082"
"4","Sud","83","Maschi","16976"
"4","Sud","83","Femmine","27402"
"4","Sud","83","Totale","44378"
"4","Sud","84","Maschi","16366"
"4","Sud","84","Femmine","26522"
"4","Sud","84","Totale","42888"
"4","Sud","85","Maschi","12777"
"4","Sud","85","Femmine","21677"
"4","Sud","85","Totale","34454"
"4","Sud","86","Maschi","10624"
"4","Sud","86","Femmine","18878"
"4","Sud","86","Totale","29502"
"4","Sud","87","Maschi","7703"
"4","Sud","87","Femmine","14482"
"4","Sud","87","Totale","22185"
"4","Sud","88","Maschi","6367"
"4","Sud","88","Femmine","12230"
"4","Sud","88","Totale","18597"
"4","Sud","89","Maschi","5054"
"4","Sud","89","Femmine","9507"
"4","Sud","89","Totale","14561"
"4","Sud","90","Maschi","3526"
"4","Sud","90","Femmine","7218"
"4","Sud","90","Totale","10744"
"4","Sud","91","Maschi","2464"
"4","Sud","91","Femmine","5334"
"4","Sud","91","Totale","7798"
"4","Sud","92","Maschi","1938"
"4","Sud","92","Femmine","4376"
"4","Sud","92","Totale","6314"
"4","Sud","93","Maschi","1426"
"4","Sud","93","Femmine","3108"
"4","Sud","93","Totale","4534"
"4","Sud","94","Maschi","1065"
"4","Sud","94","Femmine","2414"
"4","Sud","94","Totale","3479"
"4","Sud","95","Maschi","683"
"4","Sud","95","Femmine","1713"
"4","Sud","95","Totale","2396"
"4","Sud","96","Maschi","450"
"4","Sud","96","Femmine","1192"
"4","Sud","96","Totale","1642"
"4","Sud","97","Maschi","266"
"4","Sud","97","Femmine","836"
"4","Sud","97","Totale","1102"
"4","Sud","98","Maschi","171"
"4","Sud","98","Femmine","522"
"4","Sud","98","Totale","693"
"4","Sud","99","Maschi","120"
"4","Sud","99","Femmine","352"
"4","Sud","99","Totale","472"
"4","Sud","100 e oltre","Maschi","150"
"4","Sud","100 e oltre","Femmine","517"
"4","Sud","100 e oltre","Totale","667"
"5","Isole","0","Maschi","38546"
"5","Isole","0","Femmine","36326"
"5","Isole","0","Totale","74872"
"5","Isole","1","Maschi","40251"
"5","Isole","1","Femmine","38533"
"5","Isole","1","Totale","78784"
"5","Isole","2","Maschi","42681"
"5","Isole","2","Femmine","40488"
"5","Isole","2","Totale","83169"
"5","Isole","3","Maschi","37610"
"5","Isole","3","Femmine","35385"
"5","Isole","3","Totale","72995"
"5","Isole","4","Maschi","38799"
"5","Isole","4","Femmine","36948"
"5","Isole","4","Totale","75747"
"5","Isole","5","Maschi","39912"
"5","Isole","5","Femmine","37695"
"5","Isole","5","Totale","77607"
"5","Isole","6","Maschi","39937"
"5","Isole","6","Femmine","37706"
"5","Isole","6","Totale","77643"
"5","Isole","7","Maschi","39719"
"5","Isole","7","Femmine","37746"
"5","Isole","7","Totale","77465"
"5","Isole","8","Maschi","40390"
"5","Isole","8","Femmine","38116"
"5","Isole","8","Totale","78506"
"5","Isole","9","Maschi","41306"
"5","Isole","9","Femmine","39483"
"5","Isole","9","Totale","80789"
"5","Isole","10","Maschi","42314"
"5","Isole","10","Femmine","40368"
"5","Isole","10","Totale","82682"
"5","Isole","11","Maschi","42868"
"5","Isole","11","Femmine","40875"
"5","Isole","11","Totale","83743"
"5","Isole","12","Maschi","44982"
"5","Isole","12","Femmine","42799"
"5","Isole","12","Totale","87781"
"5","Isole","13","Maschi","45999"
"5","Isole","13","Femmine","43928"
"5","Isole","13","Totale","89927"
"5","Isole","14","Maschi","46853"
"5","Isole","14","Femmine","44876"
"5","Isole","14","Totale","91729"
"5","Isole","15","Maschi","47663"
"5","Isole","15","Femmine","45835"
"5","Isole","15","Totale","93498"
"5","Isole","16","Maschi","49667"
"5","Isole","16","Femmine","47835"
"5","Isole","16","Totale","97502"
"5","Isole","17","Maschi","50780"
"5","Isole","17","Femmine","48804"
"5","Isole","17","Totale","99584"
"5","Isole","18","Maschi","53440"
"5","Isole","18","Femmine","51458"
"5","Isole","18","Totale","104898"
"5","Isole","19","Maschi","54965"
"5","Isole","19","Femmine","53229"
"5","Isole","19","Totale","108194"
"5","Isole","20","Maschi","56982"
"5","Isole","20","Femmine","55149"
"5","Isole","20","Totale","112131"
"5","Isole","21","Maschi","56252"
"5","Isole","21","Femmine","54971"
"5","Isole","21","Totale","111223"
"5","Isole","22","Maschi","55879"
"5","Isole","22","Femmine","54508"
"5","Isole","22","Totale","110387"
"5","Isole","23","Maschi","55920"
"5","Isole","23","Femmine","55613"
"5","Isole","23","Totale","111533"
"5","Isole","24","Maschi","54083"
"5","Isole","24","Femmine","53834"
"5","Isole","24","Totale","107917"
"5","Isole","25","Maschi","55396"
"5","Isole","25","Femmine","55185"
"5","Isole","25","Totale","110581"
"5","Isole","26","Maschi","53233"
"5","Isole","26","Femmine","53672"
"5","Isole","26","Totale","106905"
"5","Isole","27","Maschi","53366"
"5","Isole","27","Femmine","53641"
"5","Isole","27","Totale","107007"
"5","Isole","28","Maschi","53071"
"5","Isole","28","Femmine","54224"
"5","Isole","28","Totale","107295"
"5","Isole","29","Maschi","52298"
"5","Isole","29","Femmine","54044"
"5","Isole","29","Totale","106342"
"5","Isole","30","Maschi","53355"
"5","Isole","30","Femmine","54776"
"5","Isole","30","Totale","108131"
"5","Isole","31","Maschi","50084"
"5","Isole","31","Femmine","52231"
"5","Isole","31","Totale","102315"
"5","Isole","32","Maschi","49521"
"5","Isole","32","Femmine","52201"
"5","Isole","32","Totale","101722"
"5","Isole","33","Maschi","48574"
"5","Isole","33","Femmine","51069"
"5","Isole","33","Totale","99643"
"5","Isole","34","Maschi","48106"
"5","Isole","34","Femmine","50340"
"5","Isole","34","Totale","98446"
"5","Isole","35","Maschi","46357"
"5","Isole","35","Femmine","47970"
"5","Isole","35","Totale","94327"
"5","Isole","36","Maschi","45275"
"5","Isole","36","Femmine","46950"
"5","Isole","36","Totale","92225"
"5","Isole","37","Maschi","44726"
"5","Isole","37","Femmine","47011"
"5","Isole","37","Totale","91737"
"5","Isole","38","Maschi","44417"
"5","Isole","38","Femmine","46539"
"5","Isole","38","Totale","90956"
"5","Isole","39","Maschi","44594"
"5","Isole","39","Femmine","45834"
"5","Isole","39","Totale","90428"
"5","Isole","40","Maschi","44430"
"5","Isole","40","Femmine","46214"
"5","Isole","40","Totale","90644"
"5","Isole","41","Maschi","41566"
"5","Isole","41","Femmine","42882"
"5","Isole","41","Totale","84448"
"5","Isole","42","Maschi","41600"
"5","Isole","42","Femmine","43197"
"5","Isole","42","Totale","84797"
"5","Isole","43","Maschi","41365"
"5","Isole","43","Femmine","42458"
"5","Isole","43","Totale","83823"
"5","Isole","44","Maschi","42714"
"5","Isole","44","Femmine","44002"
"5","Isole","44","Totale","86716"
"5","Isole","45","Maschi","42615"
"5","Isole","45","Femmine","43862"
"5","Isole","45","Totale","86477"
"5","Isole","46","Maschi","44365"
"5","Isole","46","Femmine","45477"
"5","Isole","46","Totale","89842"
"5","Isole","47","Maschi","43501"
"5","Isole","47","Femmine","44676"
"5","Isole","47","Totale","88177"
"5","Isole","48","Maschi","40561"
"5","Isole","48","Femmine","41680"
"5","Isole","48","Totale","82241"
"5","Isole","49","Maschi","35841"
"5","Isole","49","Femmine","36923"
"5","Isole","49","Totale","72764"
"5","Isole","50","Maschi","34643"
"5","Isole","50","Femmine","35984"
"5","Isole","50","Totale","70627"
"5","Isole","51","Maschi","33386"
"5","Isole","51","Femmine","35266"
"5","Isole","51","Totale","68652"
"5","Isole","52","Maschi","34162"
"5","Isole","52","Femmine","36109"
"5","Isole","52","Totale","70271"
"5","Isole","53","Maschi","33435"
"5","Isole","53","Femmine","35846"
"5","Isole","53","Totale","69281"
"5","Isole","54","Maschi","37874"
"5","Isole","54","Femmine","41112"
"5","Isole","54","Totale","78986"
"5","Isole","55","Maschi","36831"
"5","Isole","55","Femmine","39276"
"5","Isole","55","Totale","76107"
"5","Isole","56","Maschi","35116"
"5","Isole","56","Femmine","38334"
"5","Isole","56","Totale","73450"
"5","Isole","57","Maschi","32411"
"5","Isole","57","Femmine","35380"
"5","Isole","57","Totale","67791"
"5","Isole","58","Maschi","32843"
"5","Isole","58","Femmine","35970"
"5","Isole","58","Totale","68813"
"5","Isole","59","Maschi","33003"
"5","Isole","59","Femmine","36573"
"5","Isole","59","Totale","69576"
"5","Isole","60","Maschi","33802"
"5","Isole","60","Femmine","37490"
"5","Isole","60","Totale","71292"
"5","Isole","61","Maschi","33999"
"5","Isole","61","Femmine","37546"
"5","Isole","61","Totale","71545"
"5","Isole","62","Maschi","31898"
"5","Isole","62","Femmine","35866"
"5","Isole","62","Totale","67764"
"5","Isole","63","Maschi","31968"
"5","Isole","63","Femmine","36309"
"5","Isole","63","Totale","68277"
"5","Isole","64","Maschi","34291"
"5","Isole","64","Femmine","39182"
"5","Isole","64","Totale","73473"
"5","Isole","65","Maschi","30459"
"5","Isole","65","Femmine","35400"
"5","Isole","65","Totale","65859"
"5","Isole","66","Maschi","30614"
"5","Isole","66","Femmine","35454"
"5","Isole","66","Totale","66068"
"5","Isole","67","Maschi","29321"
"5","Isole","67","Femmine","33347"
"5","Isole","67","Totale","62668"
"5","Isole","68","Maschi","29517"
"5","Isole","68","Femmine","34515"
"5","Isole","68","Totale","64032"
"5","Isole","69","Maschi","27193"
"5","Isole","69","Femmine","32382"
"5","Isole","69","Totale","59575"
"5","Isole","70","Maschi","27647"
"5","Isole","70","Femmine","33908"
"5","Isole","70","Totale","61555"
"5","Isole","71","Maschi","25307"
"5","Isole","71","Femmine","31103"
"5","Isole","71","Totale","56410"
"5","Isole","72","Maschi","24298"
"5","Isole","72","Femmine","31506"
"5","Isole","72","Totale","55804"
"5","Isole","73","Maschi","21308"
"5","Isole","73","Femmine","28020"
"5","Isole","73","Totale","49328"
"5","Isole","74","Maschi","21073"
"5","Isole","74","Femmine","28303"
"5","Isole","74","Totale","49376"
"5","Isole","75","Maschi","14080"
"5","Isole","75","Femmine","19336"
"5","Isole","75","Totale","33416"
"5","Isole","76","Maschi","10654"
"5","Isole","76","Femmine","15035"
"5","Isole","76","Totale","25689"
"5","Isole","77","Maschi","11130"
"5","Isole","77","Femmine","15416"
"5","Isole","77","Totale","26546"
"5","Isole","78","Maschi","13330"
"5","Isole","78","Femmine","18099"
"5","Isole","78","Totale","31429"
"5","Isole","79","Maschi","14788"
"5","Isole","79","Femmine","20144"
"5","Isole","79","Totale","34932"
"5","Isole","80","Maschi","13506"
"5","Isole","80","Femmine","18431"
"5","Isole","80","Totale","31937"
"5","Isole","81","Maschi","13190"
"5","Isole","81","Femmine","18468"
"5","Isole","81","Totale","31658"
"5","Isole","82","Maschi","11870"
"5","Isole","82","Femmine","16276"
"5","Isole","82","Totale","28146"
"5","Isole","83","Maschi","9731"
"5","Isole","83","Femmine","14191"
"5","Isole","83","Totale","23922"
"5","Isole","84","Maschi","8735"
"5","Isole","84","Femmine","12703"
"5","Isole","84","Totale","21438"
"5","Isole","85","Maschi","6940"
"5","Isole","85","Femmine","10464"
"5","Isole","85","Totale","17404"
"5","Isole","86","Maschi","5722"
"5","Isole","86","Femmine","9042"
"5","Isole","86","Totale","14764"
"5","Isole","87","Maschi","4347"
"5","Isole","87","Femmine","7188"
"5","Isole","87","Totale","11535"
"5","Isole","88","Maschi","3573"
"5","Isole","88","Femmine","5937"
"5","Isole","88","Totale","9510"
"5","Isole","89","Maschi","2691"
"5","Isole","89","Femmine","4587"
"5","Isole","89","Totale","7278"
"5","Isole","90","Maschi","1992"
"5","Isole","90","Femmine","3565"
"5","Isole","90","Totale","5557"
"5","Isole","91","Maschi","1628"
"5","Isole","91","Femmine","2778"
"5","Isole","91","Totale","4406"
"5","Isole","92","Maschi","1216"
"5","Isole","92","Femmine","2281"
"5","Isole","92","Totale","3497"
"5","Isole","93","Maschi","807"
"5","Isole","93","Femmine","1601"
"5","Isole","93","Totale","2408"
"5","Isole","94","Maschi","647"
"5","Isole","94","Femmine","1186"
"5","Isole","94","Totale","1833"
"5","Isole","95","Maschi","411"
"5","Isole","95","Femmine","813"
"5","Isole","95","Totale","1224"
"5","Isole","96","Maschi","283"
"5","Isole","96","Femmine","565"
"5","Isole","96","Totale","848"
"5","Isole","97","Maschi","182"
"5","Isole","97","Femmine","387"
"5","Isole","97","Totale","569"
"5","Isole","98","Maschi","128"
"5","Isole","98","Femmine","276"
"5","Isole","98","Totale","404"
"5","Isole","99","Maschi","54"
"5","Isole","99","Femmine","167"
"5","Isole","99","Totale","221"
"5","Isole","100 e oltre","Maschi","110"
"5","Isole","100 e oltre","Femmine","215"
"5","Isole","100 e oltre","Totale","325"